City_ID,City,Country,Lat,Lng,Max Temp,Humidity,Cloudiness,Wind Speed,Current Description
0,Rikitea,PF,-23.1203,-134.9692,78.15,76,100,13.56,overcast clouds
1,Marsabit,KE,2.3284,37.9899,69.31,45,14,5.39,few clouds
2,Vaini,TO,-21.2,-175.2,80.6,89,75,4.61,broken clouds
3,Meulaboh,ID,4.1363,96.1285,74.77,89,100,4.9,overcast clouds
4,Ushuaia,AR,-54.8,-68.3,55.4,47,75,10.36,light rain
5,Albany,US,42.6001,-73.9662,33.01,48,100,8.3,overcast clouds
6,Prince Rupert,CA,54.3161,-130.3201,46.4,46,90,14.97,overcast clouds
7,Castro,BR,-24.7911,-50.0119,73.63,89,97,7.43,overcast clouds
8,Nakhon Si Thammarat,TH,8.25,100.0,73.49,93,73,4.5,broken clouds
9,Carnarvon,AU,-24.8667,113.6333,80.6,74,52,13.8,broken clouds
10,Longyearbyen,SJ,78.2186,15.6401,23.0,74,75,17.27,broken clouds
11,Saint-Philippe,RE,-21.3585,55.7679,77.0,83,0,10.36,light rain
12,Mataura,NZ,-46.1927,168.8643,53.01,91,72,4.0,broken clouds
13,Busselton,AU,-33.65,115.3333,66.99,80,92,7.0,overcast clouds
14,Fortuna,US,40.5982,-124.1573,55.0,76,1,9.22,clear sky
15,Wuzhou,CN,23.4833,111.3167,44.46,51,100,4.0,overcast clouds
16,Kaitangata,NZ,-46.2817,169.8464,55.0,83,39,3.0,scattered clouds
17,Catuday,PH,16.2923,119.8062,73.29,74,14,9.66,few clouds
18,Margate,GB,51.3813,1.3862,37.0,98,0,6.8,clear sky
19,Noumea,NC,-22.2763,166.4572,81.0,100,90,2.3,overcast clouds
20,Lorengau,PG,-2.0226,147.2712,80.94,67,100,3.24,overcast clouds
21,Dikson,RU,73.5069,80.5464,-6.14,84,100,5.97,overcast clouds
22,New Norfolk,AU,-42.7826,147.0587,55.0,70,15,1.61,few clouds
23,Punta Arenas,CL,-53.15,-70.9167,53.6,58,75,9.22,light rain
24,Bengkulu,ID,-3.8004,102.2655,75.65,85,100,4.14,overcast clouds
25,Ulladulla,AU,-35.35,150.4667,62.01,94,0,8.05,clear sky
26,Hengshui,CN,37.7322,115.7011,19.71,72,0,6.96,clear sky
27,Yellowknife,CA,62.456,-114.3525,10.4,92,75,8.05,broken clouds
28,Ilulissat,GL,69.2167,-51.1,21.2,42,40,20.71,snow
29,Khatanga,RU,71.9667,102.5,-29.74,86,93,2.35,overcast clouds
30,Great Bend,US,38.3645,-98.7648,36.0,80,90,4.45,overcast clouds
31,Tasiilaq,GL,65.6145,-37.6368,15.8,48,20,1.14,few clouds
32,Campina Verde,BR,-19.5356,-49.4864,91.09,39,100,7.25,overcast clouds
33,Cabo San Lucas,MX,22.8909,-109.9124,75.0,46,1,9.22,clear sky
34,Esperance,AU,-33.8667,121.9,77.0,38,40,19.57,scattered clouds
35,Mossendjo,CG,-2.9506,12.7261,70.66,95,64,2.35,light rain
36,Concordia,AR,-31.393,-58.0209,78.8,65,75,11.5,broken clouds
37,Puerto Santander,CO,8.3636,-72.4063,82.4,65,40,4.61,scattered clouds
38,Hermanus,ZA,-34.4187,19.2345,64.99,83,57,6.22,broken clouds
39,Labuhan,ID,-6.8844,112.2051,77.11,85,100,7.85,overcast clouds
40,Saskylakh,RU,71.9167,114.0833,-23.04,85,100,9.62,overcast clouds
41,Amberley,US,39.2048,-84.428,37.0,64,75,3.78,broken clouds
42,Pangnirtung,CA,66.1451,-65.7125,6.8,72,90,3.44,overcast clouds
43,Faanui,PF,-16.4833,-151.75,81.36,69,2,13.76,clear sky
44,Pandan,PH,14.0453,124.1694,75.27,87,100,26.35,overcast clouds
45,Bredasdorp,ZA,-34.5322,20.0403,66.2,72,15,5.75,few clouds
46,Saldanha,ZA,-33.0117,17.9442,66.2,72,0,12.66,clear sky
47,Pimentel,PE,-6.8367,-79.9342,80.6,57,0,19.57,clear sky
48,Komsomolskiy,UZ,40.4272,71.7189,21.2,79,0,4.61,mist
49,Akdepe,TM,42.0551,59.3788,32.0,47,100,18.41,overcast clouds
50,Angoche,MZ,-16.2325,39.9086,82.18,78,84,7.65,broken clouds
51,Nikolskoye,RU,59.7035,30.7861,8.01,85,0,4.47,clear sky
52,Qaanaaq,GL,77.484,-69.3632,-2.06,77,2,3.94,clear sky
53,Kapaa,US,22.0752,-159.319,71.01,83,90,6.91,overcast clouds
54,Washington,US,47.5001,-120.5015,36.0,88,96,2.8,overcast clouds
55,Port-Gentil,GA,-0.7193,8.7815,82.4,83,40,8.05,scattered clouds
56,Thompson,CA,55.7435,-97.8558,5.0,85,75,3.44,broken clouds
57,Oban,GB,56.4127,-5.4706,45.0,95,100,3.0,overcast clouds
58,Gao,ML,16.6362,1.637,78.91,16,11,6.8,few clouds
59,Butaritari,KI,3.0707,172.7902,81.57,80,88,21.43,light rain
60,Althofen,AT,46.8818,14.4676,21.99,93,50,4.61,scattered clouds
61,Tuktoyaktuk,CA,69.4541,-133.0374,6.8,92,90,20.71,light snow
62,Linares,CL,-35.85,-71.6,88.11,12,0,12.35,clear sky
63,Gravelbourg,CA,49.8834,-106.5512,17.6,79,0,2.3,clear sky
64,Griffith,US,41.5284,-87.4237,36.0,75,1,5.75,clear sky
65,Jamestown,US,42.097,-79.2353,35.01,64,90,8.05,overcast clouds
66,Cervo,ES,43.6702,-7.4101,48.0,70,100,5.01,overcast clouds
67,Plainview,US,40.7765,-73.4673,37.0,44,1,10.36,clear sky
68,Pushkar,IN,26.5,74.55,58.37,64,0,6.4,clear sky
69,Almaznyy,RU,48.0448,40.045,35.6,87,40,11.18,scattered clouds
70,Port Alfred,ZA,-33.5906,26.891,73.0,90,38,5.01,light rain
71,Upernavik,GL,72.7868,-56.1549,10.33,82,20,11.43,few clouds
72,Dukhovshchina,RU,55.1919,32.4111,13.12,96,100,5.37,light snow
73,Methven,NZ,-43.6333,171.65,59.0,95,5,5.7,clear sky
74,Mount Gambier,AU,-37.8333,140.7667,51.8,93,0,5.75,clear sky
75,Mazagao,BR,-0.115,-51.2894,84.2,79,75,9.22,broken clouds
76,Barrow,US,71.2906,-156.7887,-0.4,71,90,4.61,overcast clouds
77,Sao Filipe,CV,14.8961,-24.4956,72.72,74,3,19.06,clear sky
78,Gopalpur,IN,19.2667,84.9167,70.18,76,0,3.91,clear sky
79,Hambantota,LK,6.1241,81.1185,75.2,100,75,4.61,light rain
80,Mercedes,AR,-34.6515,-59.4307,89.01,37,0,1.99,clear sky
81,Kodiak,US,57.79,-152.4072,33.8,93,90,4.61,light snow
82,San Jeronimo,PE,-11.9472,-75.2829,59.5,54,99,4.5,moderate rain
83,Nouakchott,MR,18.0858,-15.9785,73.4,31,0,19.57,clear sky
84,Torbay,CA,47.6666,-52.7314,35.01,86,75,20.71,broken clouds
85,Channel-Port Aux Basques,CA,47.5702,-59.1367,35.91,92,96,14.94,overcast clouds
86,Avarua,CK,-21.2078,-159.775,82.4,74,20,6.91,few clouds
87,Quatre Cocos,MU,-20.2078,57.7625,79.0,89,40,8.05,scattered clouds
88,Ponta Delgada,PT,37.7333,-25.6667,51.8,66,40,6.91,scattered clouds
89,Touros,BR,-5.1989,-35.4608,84.2,61,40,18.41,scattered clouds
90,Saurimo,AO,-9.6608,20.3916,65.19,95,100,3.96,overcast clouds
91,El Alto,PE,-4.2714,-81.2147,86.0,62,0,14.97,clear sky
92,Crotone,IT,39.0851,17.1178,50.0,100,75,5.75,moderate rain
93,Airai,TL,-8.9266,125.4092,62.06,100,100,0.34,light rain
94,Clyde River,CA,70.4692,-68.5914,1.4,78,75,9.22,light snow
95,Guerrero Negro,MX,27.9769,-114.0611,70.5,41,0,7.99,clear sky
96,Berezovyy,RU,51.6667,135.7,-18.56,78,14,3.58,few clouds
97,Georgetown,MY,5.4112,100.3354,80.6,78,20,5.75,few clouds
98,Malindi,KE,-3.2175,40.1191,77.67,83,49,11.74,scattered clouds
99,Santa Isabel,BR,-23.3156,-46.2214,75.2,78,75,5.75,moderate rain
100,Hobart,AU,-42.8794,147.3294,59.0,82,75,3.44,broken clouds
101,Tiznit,MA,29.5833,-9.5,47.17,83,45,9.08,light rain
102,Cape Town,ZA,-33.9258,18.4232,72.0,68,0,9.22,clear sky
103,Norsup,VU,-16.0667,167.3833,82.58,75,61,2.3,light rain
104,Manuk Mangkaw,PH,4.8,119.85,81.52,77,20,5.97,few clouds
105,Springbok,ZA,-29.6643,17.8865,64.36,60,0,7.14,clear sky
106,Bambous Virieux,MU,-20.3428,57.7575,79.0,89,40,8.05,light rain
107,Port Elizabeth,ZA,-33.918,25.5701,71.6,88,20,21.85,light rain
108,Ancud,CL,-41.8697,-73.8203,57.99,87,75,13.8,light rain
109,Lompoc,US,34.6391,-120.4579,66.0,51,1,11.59,clear sky
110,Zhigansk,RU,66.7697,123.3711,-26.27,85,100,3.49,overcast clouds
111,Majene,ID,-3.5403,118.9707,77.9,85,96,4.0,overcast clouds
112,Saint-Georges,GD,12.0564,-61.7485,82.4,78,20,25.32,light rain
113,Lengshuijiang,CN,27.6881,111.4294,34.23,78,84,2.1,broken clouds
114,Cayenne,GF,4.9333,-52.3333,80.6,89,75,10.36,broken clouds
115,Preobrazheniye,RU,42.9019,133.9064,-0.67,82,2,9.98,clear sky
116,Bendigo,AU,-36.7667,144.2833,63.0,69,60,2.91,broken clouds
117,Annau,TM,37.8876,58.516,26.6,93,0,4.61,mist
118,Lebu,CL,-37.6167,-73.65,60.35,61,0,9.1,clear sky
119,Yar-Sale,RU,66.8333,70.8333,-10.37,90,94,12.19,overcast clouds
120,Bethel,US,41.3712,-73.414,30.99,51,20,16.11,few clouds
121,Oranjemund,NA,-28.55,16.4333,63.86,85,0,16.02,clear sky
122,Hadrut,AZ,39.52,47.0318,45.95,49,0,3.24,clear sky
123,Cherskiy,RU,68.75,161.3,-29.58,85,54,3.09,broken clouds
124,Mana,GF,5.6592,-53.7767,79.09,86,100,12.59,overcast clouds
125,Donskoye,RU,45.4552,41.9741,53.6,50,0,17.9,moderate rain
126,Nuuk,GL,64.1835,-51.7216,26.6,59,40,2.3,scattered clouds
127,Nishihara,JP,26.1842,127.7558,55.4,62,75,9.22,broken clouds
128,Havoysund,NO,70.9963,24.6622,21.2,63,28,17.27,scattered clouds
129,Elat,IL,29.5581,34.9482,66.2,45,0,11.5,clear sky
130,Bluff,NZ,-46.6,168.3333,53.01,91,100,4.0,overcast clouds
131,Olga,RU,43.7444,135.2892,-3.6,78,33,8.46,scattered clouds
132,Svetlogorsk,BY,52.6333,29.7333,26.15,98,100,6.67,overcast clouds
133,Sao Joao Da Barra,BR,-21.6403,-41.0511,86.0,66,20,16.11,few clouds
134,Vila Velha,BR,-20.3297,-40.2925,84.2,70,20,19.57,light rain
135,Merrill,US,45.1805,-89.6835,23.0,93,90,3.74,overcast clouds
136,Makamba,BI,-4.1348,29.804,61.05,83,100,1.72,overcast clouds
137,Souillac,MU,-20.5167,57.5167,78.8,89,40,8.05,light rain
138,Jacareacanga,BR,-6.2222,-57.7528,83.16,81,100,3.89,light rain
139,Talnakh,RU,69.4865,88.3972,-25.28,84,36,0.78,scattered clouds
140,Arraial Do Cabo,BR,-22.9661,-42.0278,82.4,89,40,8.05,scattered clouds
141,Hithadhoo,MV,-0.6,73.0833,80.76,77,100,11.45,overcast clouds
142,Nova Prata,BR,-28.7839,-51.61,88.0,41,34,2.42,scattered clouds
143,Rochegda,RU,62.8,43.25,-6.32,92,95,1.54,overcast clouds
144,Dingle,PH,10.9995,122.6711,74.44,93,100,13.96,overcast clouds
145,Tezu,IN,27.9167,96.1667,63.16,37,70,2.82,broken clouds
146,Roma,US,43.2128,-75.4557,30.99,63,1,5.75,clear sky
147,Mancio Lima,BR,-7.6142,-72.8958,89.6,66,40,4.61,light rain
148,Chokurdakh,RU,70.6333,147.9167,-26.97,87,100,2.15,overcast clouds
149,Sorong,ID,-0.8833,131.25,81.01,80,61,6.22,broken clouds
150,Carmen,MX,18.6333,-91.8333,75.2,57,40,8.05,scattered clouds
151,Ozernovskiy,RU,51.5,156.5167,22.86,85,100,17.16,overcast clouds
152,Antofagasta,CL,-23.65,-70.4,73.0,68,20,16.11,few clouds
153,Fare,PF,-16.7,-151.0167,81.45,68,10,12.95,clear sky
154,Mahibadhoo,MV,3.7833,72.9667,81.52,77,100,7.31,light rain
155,Zaltan,LY,32.947,11.8665,74.73,28,8,14.7,clear sky
156,Gazli,UZ,40.1333,63.45,28.42,83,0,8.79,clear sky
157,Amambai,BR,-23.1042,-55.2258,83.53,66,2,4.92,clear sky
158,Puerto Ayora,EC,-0.7393,-90.3518,84.2,58,0,14.97,clear sky
159,Fairbanks,US,64.8378,-147.7164,12.0,78,75,3.51,broken clouds
160,Dingtao,CN,35.0683,115.5625,25.47,71,100,4.76,overcast clouds
161,Ati,TD,13.2154,18.3353,76.3,18,1,10.85,clear sky
162,Nanortalik,GL,60.1432,-45.2371,31.14,93,99,7.99,overcast clouds
163,Changping,CN,40.2186,116.2197,25.0,33,0,8.95,clear sky
164,Inverell,AU,-29.7833,151.1167,57.99,95,0,1.01,clear sky
165,Santiago,CL,-33.4569,-70.6483,84.0,31,75,5.75,broken clouds
166,Manica,FR,49.0,-1.1667,33.8,80,0,3.44,clear sky
167,Farafangana,MG,-22.8167,47.8333,76.84,85,51,7.63,light rain
168,Urla,TR,38.3229,26.764,66.2,94,40,4.61,scattered clouds
169,Kita,ML,13.0349,-9.4895,82.33,15,0,2.3,clear sky
170,Mount Isa,AU,-20.7333,139.5,78.8,61,0,6.91,clear sky
171,Hilo,US,19.7297,-155.09,73.4,73,90,4.61,overcast clouds
172,Manono,CD,-7.3,27.4167,69.17,94,100,1.19,light rain
173,Mogadishu,SO,2.0371,45.3438,76.55,77,3,24.54,clear sky
174,Aykhal,RU,66.0,111.5,-29.88,82,91,7.02,overcast clouds
175,Pacifica,US,37.6138,-122.4869,59.0,47,1,12.66,clear sky
176,Matamoros,MX,25.5333,-103.25,66.2,24,1,3.04,clear sky
177,Goderich,CA,43.7501,-81.7165,33.8,64,100,4.61,overcast clouds
178,Mar Del Plata,AR,-38.0023,-57.5575,77.0,61,0,16.11,light rain
179,Carlsbad,US,33.1581,-117.3506,71.01,37,1,1.63,clear sky
180,Odweyne,SO,9.4092,45.064,63.25,55,0,10.8,clear sky
181,Savannah Bight,HN,16.45,-85.85,75.99,94,90,6.91,moderate rain
182,Bantou,CN,26.2151,117.4893,31.68,79,99,2.33,overcast clouds
183,Nome,US,64.5011,-165.4064,-0.4,65,90,12.66,overcast clouds
184,Mamallapuram,IN,12.6264,80.1722,78.8,94,40,2.3,mist
185,Alofi,NU,-19.0595,-169.9187,82.4,74,31,12.66,scattered clouds
186,Tiksi,RU,71.6872,128.8694,-16.4,89,100,9.06,overcast clouds
187,Nyagan,RU,62.1406,65.3936,-13.36,89,91,3.91,overcast clouds
188,Sistranda,NO,63.7256,8.834,32.0,86,0,27.63,snow
189,Traun,AT,48.2266,14.2346,28.99,93,75,1.14,broken clouds
190,Kainantu,PG,-6.2887,145.8655,59.27,93,100,2.21,overcast clouds
191,Kabalo,CD,-6.05,26.9167,69.06,92,99,1.61,overcast clouds
192,Egvekinot,RU,66.3167,-179.1667,-20.07,87,72,10.25,broken clouds
193,Padang,ID,-0.9492,100.3543,75.2,94,75,3.44,broken clouds
194,Peniche,PT,39.3558,-9.3811,44.01,60,100,5.01,overcast clouds
195,Sonegaon,IN,20.65,78.6833,71.6,73,40,2.21,haze
196,Cidreira,BR,-30.1811,-50.2056,80.22,73,0,13.09,clear sky
197,Burnie,AU,-41.0667,145.9167,55.99,69,87,5.01,overcast clouds
198,Dzierzoniow,PL,50.7282,16.6514,32.0,30,95,3.02,overcast clouds
199,Naze,JP,28.3667,129.4833,48.45,74,98,14.9,overcast clouds
200,Ostrovnoy,RU,68.0531,39.5131,9.79,93,100,9.01,overcast clouds
201,Araguacu,BR,-12.9306,-49.8264,91.06,53,91,1.16,overcast clouds
202,Leningradskiy,RU,69.3833,178.4167,-21.57,84,35,4.63,scattered clouds
203,Atuona,PF,-9.8,-139.0333,78.19,74,86,18.23,overcast clouds
204,Placido De Castro,BR,-10.3353,-67.1856,92.25,45,40,4.18,scattered clouds
205,Puerto Escondido,MX,15.85,-97.0667,80.6,69,1,6.91,clear sky
206,Roald,NO,62.5833,6.1333,33.8,93,90,16.11,light snow
207,Provideniya,RU,64.3833,-173.3,-7.76,83,0,7.07,clear sky
208,Biryusinsk,RU,55.9634,97.8235,5.97,94,100,6.67,overcast clouds
209,Chara,RU,56.9064,118.2631,-12.84,75,96,3.91,overcast clouds
210,High Rock,BS,26.6208,-78.2833,60.8,63,75,10.36,broken clouds
211,Nizwa,OM,22.9333,57.5333,51.26,45,0,4.34,clear sky
212,Turka,UA,49.1541,23.0297,33.01,79,42,3.04,scattered clouds
213,Kermanshah,IR,34.3142,47.065,30.2,47,0,4.61,clear sky
214,Chuy,UY,-33.6971,-53.4616,72.43,56,95,11.7,overcast clouds
215,Zavodskoy,RU,43.4597,132.2922,-14.8,70,37,3.42,scattered clouds
216,Constitucion,CL,-35.3333,-72.4167,62.37,55,14,18.14,few clouds
217,Severnyy,RU,50.677,36.5532,32.0,93,75,11.18,snow
218,Charyshskoye,RU,51.3978,83.5598,10.13,83,100,4.81,overcast clouds
219,Pangody,RU,65.85,74.4859,-7.62,91,97,7.83,overcast clouds
220,Isangel,VU,-19.55,169.2667,78.8,94,75,3.31,broken clouds
221,Abu Samrah,SY,35.3029,37.1841,52.03,45,93,5.12,overcast clouds
222,Puerto Leguizamo,CO,-0.1934,-74.7819,87.42,52,16,5.64,few clouds
223,Kibala,TD,9.1104,18.3463,75.2,46,0,3.53,clear sky
224,Harriston,CA,43.9001,-80.883,33.01,64,100,3.44,overcast clouds
225,Kruisfontein,ZA,-34.0033,24.7314,72.0,80,56,8.01,light rain
226,Wheatley,GB,51.7473,-1.1394,30.99,100,90,3.44,overcast clouds
227,Nouadhibou,MR,20.931,-17.0347,66.2,68,0,18.41,clear sky
228,Ambilobe,MG,-13.2,49.05,74.84,92,26,1.59,light rain
229,Acandi,CO,8.5063,-77.2778,82.36,75,100,1.05,light rain
230,Chabahar,IR,25.2919,60.643,61.79,42,0,8.1,clear sky
231,Rio Grande,BR,-32.035,-52.0986,82.4,69,75,11.5,broken clouds
232,Ankara,TR,39.9199,32.8543,51.8,76,75,2.3,broken clouds
233,Harper,LR,4.375,-7.7169,80.02,79,66,6.31,broken clouds
234,Ikalamavony,MG,-21.15,46.5833,70.75,85,100,4.81,moderate rain
235,Guasdualito,VE,7.2424,-70.7324,81.68,78,89,4.32,moderate rain
236,Aklavik,CA,68.2191,-135.0107,-0.4,85,20,2.89,few clouds
237,Saint-Augustin,CA,51.226,-58.6502,30.83,96,100,13.78,light snow
238,Lavrentiya,RU,65.5833,-171.0,-12.82,85,0,3.96,clear sky
239,Boyolangu,ID,-8.1181,111.8935,75.65,85,88,1.03,moderate rain
240,Inhambane,MZ,-23.865,35.3833,78.8,73,20,8.72,few clouds
241,Sanmenxia,CN,34.7747,111.1814,24.48,67,100,5.68,overcast clouds
242,Tukrah,LY,32.5341,20.5791,68.83,44,0,9.17,clear sky
243,Khovu-Aksy,RU,51.1333,93.6,-15.5,76,59,1.9,broken clouds
244,Luderitz,NA,-26.6481,15.1594,71.26,52,0,27.58,clear sky
245,Taoudenni,ML,22.6783,-3.9836,76.89,32,98,11.32,overcast clouds
246,Puerto Narino,CO,-3.7703,-70.3831,82.4,74,75,5.75,light rain
247,Puri,IN,19.8,85.85,69.8,88,5,5.73,mist
248,Acapulco,MX,16.8634,-99.8901,84.2,70,75,6.91,broken clouds
249,San Patricio,US,28.017,-97.5169,55.4,67,90,10.36,overcast clouds
250,Portland,US,45.5234,-122.6762,46.0,75,75,5.64,broken clouds
251,Katobu,ID,-4.9408,122.5276,76.46,93,100,2.84,overcast clouds
252,Ayan,RU,56.45,138.1667,-7.53,77,100,6.58,overcast clouds
253,Mendi,PG,-6.1761,143.6513,55.24,98,100,2.37,light rain
254,Hami,CN,42.8,93.45,8.65,91,5,1.52,clear sky
255,Alice Town,BS,25.7167,-79.3,61.93,63,0,13.22,clear sky
256,Muravlenko,RU,63.7898,74.523,-17.45,89,88,5.41,overcast clouds
257,Gornopravdinsk,RU,60.05,69.9,-15.57,89,82,4.0,broken clouds
258,Piacabucu,BR,-10.4056,-36.4344,81.79,67,4,16.26,clear sky
259,Berasia,IN,23.6333,77.4333,66.74,74,93,2.91,overcast clouds
260,San Quintin,MX,30.4833,-115.95,64.6,52,0,10.51,clear sky
261,Bariri,BR,-22.0744,-48.7403,89.6,55,40,3.44,scattered clouds
262,Yining,CN,29.0361,114.5636,29.43,81,6,2.19,clear sky
263,Pulandian,CN,39.3953,121.9669,6.8,85,20,2.24,few clouds
264,Ponta Do Sol,PT,32.6667,-17.1,52.0,75,65,1.01,broken clouds
265,Biltine,TD,14.5333,20.9167,73.0,20,0,12.17,clear sky
266,Evensk,RU,61.95,159.2333,0.9,82,69,10.36,broken clouds
267,Rocha,UY,-34.4833,-54.3333,75.65,43,100,11.48,overcast clouds
268,Grindavik,IS,63.8424,-22.4338,23.0,100,90,8.05,light snow
269,Henties Bay,NA,-22.116,14.2845,66.99,85,91,2.04,overcast clouds
270,Pokhara,NP,28.2333,83.9833,58.46,35,97,4.47,overcast clouds
271,Khani,GE,41.9563,42.9566,41.0,56,0,3.44,clear sky
272,Flinders,AU,-34.5833,150.8552,60.01,88,0,1.01,clear sky
273,Trelew,AR,-43.249,-65.3051,87.17,12,76,10.25,broken clouds
274,Hammel,DK,56.2576,9.8632,33.01,86,9,1.01,clear sky
275,Gat,IL,31.61,34.7642,62.01,72,0,1.14,clear sky
276,Hudiksvall,SE,61.729,17.1036,20.44,97,45,6.73,scattered clouds
277,Wajid,SO,3.8093,43.2471,78.03,29,0,12.71,clear sky
278,Whitianga,NZ,-36.8333,175.7,70.0,86,5,5.01,clear sky
279,Honiara,SB,-9.4333,159.95,78.94,72,65,3.31,broken clouds
280,Bloemfontein,ZA,-29.1211,26.214,69.8,83,74,5.75,broken clouds
281,Sitka,US,57.0531,-135.33,44.6,61,90,20.71,light rain
282,Nizhniy Kuranakh,RU,58.8353,125.4869,-6.39,89,100,7.11,overcast clouds
283,Lata,PT,40.1629,-8.3327,45.0,57,96,5.48,overcast clouds
284,Carira,BR,-10.3608,-37.7011,86.58,50,98,17.65,overcast clouds
285,Jalu,LY,29.0331,21.5482,66.74,36,0,7.76,clear sky
286,Alyangula,AU,-13.8483,136.4192,78.8,100,75,7.27,broken clouds
287,Gazanjyk,TM,39.2446,55.5154,35.83,75,90,6.11,overcast clouds
288,Pangai,TO,-19.8,-174.35,80.28,81,36,15.57,scattered clouds
289,Le Port,RE,-20.9373,55.2919,75.2,78,0,1.14,clear sky
290,Sawtell,AU,-30.3833,153.1,64.4,94,90,10.36,overcast clouds
291,Grand Gaube,MU,-20.0064,57.6608,79.0,84,2,5.01,clear sky
292,Praia,CV,14.9215,-23.5087,73.4,64,75,24.16,broken clouds
293,Jaleswar,NP,26.6471,85.8008,59.61,57,73,1.81,broken clouds
294,Nantucket,US,41.2835,-70.0995,35.6,75,90,19.57,overcast clouds
295,Kloulklubed,PW,7.0419,134.2556,75.2,100,90,5.75,light rain
296,Keti Bandar,PK,24.1447,67.4497,60.13,34,0,14.18,clear sky
297,Hovd,MN,48.0056,91.6419,-5.71,84,20,0.54,few clouds
298,Santa Catarina De Tepehuanes,MX,25.35,-105.7333,64.58,27,7,18.48,clear sky
299,Matara,LK,5.9485,80.5353,74.1,93,100,7.7,overcast clouds
300,Mae Hong Son,TH,19.3003,97.9685,68.47,84,18,1.14,few clouds
301,Huarmey,PE,-10.0681,-78.1522,75.74,69,16,11.14,few clouds
302,Morehead,US,37.2711,-87.1764,33.8,55,90,4.61,overcast clouds
303,Kangaatsiaq,GL,68.3065,-53.4641,14.11,85,100,6.78,overcast clouds
304,Alta Floresta,BR,-9.8756,-56.0861,87.75,66,24,2.98,few clouds
305,Gurupi,BR,-11.7292,-49.0686,84.94,59,100,1.05,overcast clouds
306,Biak,ID,-0.9131,122.8766,76.77,82,18,4.12,few clouds
307,Ixtapa,MX,20.7,-105.2,75.2,73,20,6.91,light rain
308,Slave Lake,CA,55.2834,-114.769,10.4,85,0,4.61,clear sky
309,Vardo,NO,70.3705,31.1107,21.58,93,100,14.05,overcast clouds
310,Roebourne,AU,-20.7833,117.1333,90.99,39,44,10.04,scattered clouds
311,Batesville,US,35.7698,-91.641,37.0,64,90,4.61,overcast clouds
312,Portoferraio,IT,42.8115,10.3146,43.0,93,75,12.66,light rain
313,Westerland,DE,54.9079,8.3033,32.0,100,90,5.75,overcast clouds
314,Shiraz,IR,29.6036,52.5388,35.6,35,0,1.34,clear sky
315,Karratha,AU,-20.7377,116.8463,90.37,41,14,8.23,few clouds
316,Dwarka,IN,22.2394,68.9678,68.32,50,4,16.73,clear sky
317,Saint-Joseph,RE,-21.3667,55.6167,77.0,83,0,10.36,light rain
318,Luwuk,ID,-0.9516,122.7875,77.65,76,9,4.45,clear sky
319,Coihaique,CL,-45.5752,-72.0662,50.0,81,90,5.75,moderate rain
320,Srednekolymsk,RU,67.45,153.6833,-29.38,84,75,4.65,broken clouds
321,Stornoway,GB,58.2093,-6.3865,37.4,75,75,9.22,broken clouds
322,San Policarpo,PH,12.1791,125.5072,80.06,85,100,17.31,heavy intensity rain
323,San Ramon,US,37.7799,-121.978,57.99,33,1,2.37,clear sky
324,Namatanai,PG,-3.6667,152.4333,79.03,79,91,5.26,overcast clouds
325,Sobolevo,RU,54.4299,31.8996,16.99,97,99,6.62,snow
326,Bilma,NE,18.6853,12.9164,71.24,22,0,5.17,clear sky
327,Gien,FR,47.6933,2.6309,33.01,94,0,14.45,clear sky
328,Paamiut,GL,61.994,-49.6678,29.88,97,100,3.91,overcast clouds
329,Cockburn Town,TC,21.4612,-71.1419,80.6,74,75,5.75,broken clouds
330,Sao Jose Da Coroa Grande,BR,-8.8978,-35.1478,80.22,73,67,12.64,broken clouds
331,Samarai,PG,-10.6167,150.6667,82.27,79,100,7.74,light rain
332,Kavieng,PG,-2.5744,150.7967,81.73,76,99,9.95,overcast clouds
333,East London,ZA,-33.0153,27.9116,77.25,75,16,18.21,light rain
334,Zhuanghe,CN,39.7008,122.9911,11.73,83,76,2.75,broken clouds
335,Talaya,RU,61.3833,152.75,-23.67,83,100,3.06,overcast clouds
336,Sidi Bin Nur,TN,35.5333,10.9167,66.2,52,0,3.44,clear sky
337,Grafton,US,42.207,-71.6856,37.0,55,90,10.36,overcast clouds
338,Amazar,RU,53.858,120.875,-10.3,85,98,2.33,overcast clouds
339,Muros,ES,42.7762,-9.0603,46.0,68,100,11.99,overcast clouds
340,Mokhsogollokh,RU,61.4681,128.9203,-32.91,83,100,2.93,overcast clouds
341,Rudbar,AF,30.15,62.6,36.43,60,0,0.85,clear sky
342,Aksu,CN,41.1231,80.2644,11.01,85,0,3.71,clear sky
343,Maniitsoq,GL,65.4167,-52.9,23.72,84,98,12.71,overcast clouds
344,Chocen,CZ,50.0016,16.223,30.0,94,61,1.16,broken clouds
345,Salalah,OM,17.0151,54.0924,71.6,28,0,10.36,clear sky
346,Bathsheba,BB,13.2167,-59.5167,84.2,70,40,18.41,scattered clouds
347,Buin,CL,-33.7333,-70.75,84.0,31,75,5.75,broken clouds
348,Mahendranagar,NP,28.9167,80.3333,61.79,50,0,4.97,clear sky
349,Rafai,CF,4.95,23.9167,75.25,49,66,0.76,broken clouds
350,Toamasina,MG,-18.1667,49.3833,77.0,88,40,3.22,scattered clouds
351,Luanda,AO,-8.8368,13.2343,78.8,78,20,8.05,few clouds
352,Champoton,MX,19.35,-90.7167,75.2,53,40,13.8,scattered clouds
353,Dunedin,NZ,-45.8742,170.5036,57.33,63,30,4.34,scattered clouds
354,Posse,BR,-14.0931,-46.3694,84.02,62,68,2.91,broken clouds
355,Weihe,CN,32.9952,105.3247,26.38,69,87,3.18,overcast clouds
356,Walvis Bay,NA,-22.9575,14.5053,66.99,77,100,11.5,overcast clouds
357,Cartagena,CO,10.3997,-75.5144,80.6,100,40,11.5,light rain
358,Rorvik,NO,64.8621,11.2373,27.82,93,100,26.8,overcast clouds
359,Namibe,AO,-15.1961,12.1522,71.76,74,94,9.55,overcast clouds
360,Narsaq,GL,60.9167,-46.05,41.0,38,75,23.02,light snow
361,Izumo,JP,35.3667,132.7667,30.2,93,75,11.5,snow
362,Killybegs,IE,54.6333,-8.45,44.6,93,75,10.36,broken clouds
363,Tuytepa,UZ,41.0321,69.3625,23.0,80,0,4.61,mist
364,Port Augusta,AU,-32.5,137.7667,69.01,72,0,1.14,clear sky
365,Avera,US,33.194,-82.5271,48.0,65,90,6.91,overcast clouds
366,Suntar,RU,62.1444,117.6319,-29.58,84,87,4.54,overcast clouds
367,Nosy Varika,MG,-20.5833,48.5333,76.21,82,100,3.89,light rain
368,Victoria,HK,22.2855,114.1577,54.0,40,92,1.01,overcast clouds
369,Lagoa,PT,39.05,-27.9833,56.37,59,100,5.59,overcast clouds
370,Synya,RU,65.3718,58.0387,-9.56,90,14,1.88,few clouds
371,Shenjiamen,CN,29.9576,122.298,36.57,69,100,12.37,overcast clouds
372,Misratah,LY,32.3754,15.0925,74.12,34,0,17.63,clear sky
373,Pietersburg,ZA,-23.9045,29.4688,69.8,83,10,8.05,clear sky
374,Morondava,MG,-20.2833,44.2833,81.99,75,15,3.29,light rain
375,Bongandanga,CD,1.5,21.05,76.51,71,83,2.62,broken clouds
376,Ulstrup,DK,56.3899,9.7935,34.0,86,2,1.01,clear sky
377,Los Llanos De Aridane,ES,28.6585,-17.9182,60.8,59,20,11.5,few clouds
378,Norman Wells,CA,65.282,-126.8329,1.4,85,40,1.63,scattered clouds
379,Albemarle,US,35.3501,-80.2001,48.99,49,1,3.44,clear sky
380,Mineiros,BR,-17.5694,-52.5511,80.94,68,100,5.03,overcast clouds
381,Anadyr,RU,64.75,177.4833,-29.0,68,20,8.95,few clouds
382,Verin,ES,41.9415,-7.4381,33.01,68,100,5.01,overcast clouds
383,Skegness,GB,53.1436,0.3363,36.0,93,40,10.36,mist
384,Champerico,GT,14.3,-91.9167,87.8,55,40,6.91,scattered clouds
385,Te Anau,NZ,-45.4167,167.7167,49.96,83,100,3.51,light rain
386,Safford,US,32.834,-109.7076,55.4,18,1,16.11,clear sky
387,Mahebourg,MU,-20.4081,57.7,78.8,89,40,8.05,light rain
388,Sile,TR,41.1754,29.6133,51.01,93,75,16.11,light rain
389,Hualmay,PE,-11.0964,-77.6139,76.01,68,22,13.15,few clouds
390,Berlevag,NO,70.8578,29.0864,16.63,93,27,16.35,scattered clouds
391,Westport,US,41.1415,-73.3579,35.6,44,1,12.66,clear sky
392,Hay River,CA,60.8156,-115.7999,24.8,68,0,9.22,clear sky
393,Chernogorsk,RU,53.8236,91.2842,-0.4,78,100,2.24,light snow
394,Gusau,NG,12.1628,6.6614,76.51,18,0,8.88,clear sky
395,Quthing,LS,-30.4,27.7003,67.5,58,26,2.53,scattered clouds
396,Honningsvag,NO,70.9821,25.9704,22.73,93,4,26.46,clear sky
397,Hasaki,JP,35.7333,140.8333,24.8,74,20,4.61,few clouds
398,Yulara,AU,-25.2406,130.9889,75.2,25,0,5.75,clear sky
399,Kutum,SD,14.2,24.6667,60.66,30,0,10.94,clear sky
400,Saint-Francois,FR,46.4154,3.9054,34.0,74,90,9.22,overcast clouds
401,Necochea,AR,-38.5473,-58.7368,87.01,46,0,13.33,clear sky
402,Ballina,AU,-28.8667,153.5667,73.99,94,45,9.22,scattered clouds
403,Camana,PE,-16.6228,-72.7111,74.03,68,95,7.85,overcast clouds
404,Thessalon,CA,46.2501,-83.5666,30.2,86,90,3.44,overcast clouds
405,Rawson,AR,-43.3002,-65.1023,80.11,17,29,9.37,scattered clouds
406,Iwamizawa,JP,43.2003,141.7597,10.0,45,10,4.21,clear sky
407,Vallenar,CL,-28.5708,-70.7581,85.19,22,0,11.65,clear sky
408,Ribeira Grande,PT,38.5167,-28.7,59.0,58,75,12.66,broken clouds
409,Blagoyevo,RU,63.3667,47.9167,-0.81,92,86,4.92,overcast clouds
410,Mufulira,ZM,-12.5498,28.2407,65.84,94,100,3.29,light rain
411,Tatsuno,JP,34.8667,134.55,34.0,50,0,1.99,clear sky
412,Marsa Matruh,EG,31.3525,27.2453,59.0,77,0,5.7,clear sky
413,San Isidro,PE,-12.1167,-77.05,75.2,69,40,11.5,scattered clouds
414,Asosa,ET,10.0667,34.5333,66.11,44,57,4.21,broken clouds
415,Caravelas,BR,-17.7125,-39.2481,81.27,73,0,12.19,clear sky
416,Tuatapere,NZ,-46.1333,167.6833,53.01,91,100,4.0,overcast clouds
417,Nawashahr,IN,31.1167,76.1333,51.8,80,0,6.93,clear sky
418,Rudnogorsk,RU,57.2639,103.7519,-11.88,91,100,4.09,overcast clouds
419,Vanimo,PG,-2.6741,141.3028,77.97,82,100,2.48,overcast clouds
420,Port Hedland,AU,-20.3167,118.5667,82.4,78,100,8.05,overcast clouds
421,Emirdag,TR,39.0197,31.15,46.83,80,56,7.96,broken clouds
422,Broken Hill,AU,-31.95,141.4333,71.6,30,0,9.22,clear sky
423,Torit,SS,4.4133,32.5678,83.48,27,87,2.04,overcast clouds
424,Camacha,PT,33.0833,-16.3333,59.0,55,20,20.71,few clouds
425,Camapua,BR,-19.5314,-54.0439,94.03,35,11,7.31,few clouds
426,Kulhudhuffushi,MV,6.6221,73.07,81.91,76,45,10.76,heavy intensity rain
427,Lumby,CA,50.2498,-118.969,37.0,80,61,1.14,broken clouds
428,Atar,MR,20.5169,-13.0499,66.94,34,50,11.5,scattered clouds
429,Tignere,CM,7.3667,12.65,67.59,25,94,3.06,overcast clouds
430,Fomboni,KM,-12.28,43.7425,83.82,76,79,17.07,broken clouds
431,Bereda,ES,43.2686,-7.5406,37.99,99,100,18.99,overcast clouds
432,Sungaipenuh,ID,-2.0833,101.3833,64.44,94,100,1.19,heavy intensity rain
433,Tipperary,IE,52.4733,-8.1558,28.99,88,51,3.71,broken clouds
434,Mozarlandia,BR,-14.7447,-50.5706,90.81,51,98,2.95,overcast clouds
435,Kuala Terengganu,MY,5.3302,103.1408,80.6,74,40,8.05,scattered clouds
436,Ruidoso,US,33.3317,-105.673,36.0,93,90,14.97,fog
437,Pochutla,MX,15.7432,-96.4661,84.2,54,20,13.8,few clouds
438,Kurilsk,RU,45.2333,147.8833,22.89,88,80,11.9,broken clouds
439,Brigantine,US,39.4101,-74.3646,39.99,35,40,16.11,scattered clouds
440,Sioux Lookout,CA,50.1001,-91.917,21.2,100,90,2.3,mist
441,Haines Junction,CA,60.7522,-137.5108,21.2,86,100,1.14,overcast clouds
442,Norden,DE,53.6,7.2,28.99,93,0,4.61,clear sky
443,Hofn,IS,64.2539,-15.2082,21.06,81,0,13.29,clear sky
444,Chintamani,IN,13.4,78.0667,68.0,100,40,6.91,scattered clouds
445,Saint-Leu,RE,-21.15,55.2833,77.0,83,0,10.36,clear sky
446,Pisco,PE,-13.7,-76.2167,75.2,73,0,13.8,clear sky
447,Muroto,JP,33.2833,134.15,39.38,71,49,20.11,scattered clouds
448,Kursumlija,RS,43.1458,21.2686,32.0,100,90,10.36,snow
449,Kyela,TZ,-9.5833,33.85,71.76,78,100,4.14,overcast clouds
450,Escarcega,MX,18.6089,-90.7454,77.99,40,0,3.53,clear sky
451,Kirillov,RU,59.863,38.3813,-7.6,77,0,4.47,clear sky
452,Dzhebariki-Khaya,RU,62.2167,135.8,-32.49,82,100,1.28,overcast clouds
453,Celestun,MX,20.8667,-90.4,70.32,62,55,12.48,broken clouds
454,Inuvik,CA,68.3499,-133.7218,8.6,85,100,5.75,overcast clouds
455,Cabras,IT,39.93,8.5314,48.99,32,19,8.63,few clouds
456,Coquimbo,CL,-29.9533,-71.3436,64.4,68,40,13.8,scattered clouds
457,Morlaix,FR,48.5833,-4.0,41.0,75,0,9.22,clear sky
458,Oskarshamn,SE,57.2645,16.4484,33.01,96,93,3.78,overcast clouds
459,Gore,NZ,-46.1028,168.9436,53.01,91,53,4.0,broken clouds
460,The Valley,AI,18.217,-63.0578,84.2,69,20,12.66,few clouds
461,Yaan,NG,7.3833,8.5667,84.54,14,0,5.88,clear sky
462,Teguldet,RU,57.3064,88.1667,-1.95,92,100,11.5,light snow
463,Kouango,CF,4.9934,19.9619,78.71,33,5,2.26,clear sky
464,Yessentuki,RU,44.0444,42.8606,35.6,93,56,6.71,mist
465,Vestmannaeyjar,IS,63.4427,-20.2734,25.81,83,17,6.73,few clouds
466,Calderitas,MX,18.55,-88.25,75.2,64,75,11.5,broken clouds
467,Tricase,IT,39.9304,18.3553,54.0,100,75,4.61,broken clouds
468,Tocopilla,CL,-22.092,-70.1979,73.71,57,69,11.12,broken clouds
469,Basco,PH,20.4487,121.9702,66.25,76,65,30.94,broken clouds
470,Tura,IN,25.5198,90.2201,61.56,52,91,2.19,overcast clouds
471,Pilar,BR,-9.5972,-35.9567,86.0,62,0,9.22,clear sky
472,San Diego De La Union,MX,21.4667,-100.8667,68.0,40,3,10.74,clear sky
473,Para De Minas,BR,-19.8603,-44.6083,73.4,73,75,20.71,moderate rain
474,Jian,CN,27.1172,114.9793,31.84,84,22,2.93,few clouds
475,Nayagarh,IN,20.1333,85.1,65.25,74,0,2.73,clear sky
476,Shimoda,JP,34.6667,138.95,28.0,62,0,1.01,clear sky
477,Prainha,BR,-1.8,-53.48,89.37,50,100,4.72,overcast clouds
478,Saint-Prosper,CA,46.2117,-70.4811,26.6,63,96,3.44,overcast clouds
479,Riyadh,SA,24.6877,46.7219,55.4,76,0,5.75,clear sky
480,Radviliskis,LT,55.8167,23.5333,24.8,93,90,5.75,overcast clouds
481,Vila Franca Do Campo,PT,37.7167,-25.4333,51.8,66,40,6.91,scattered clouds
482,Ibi,ES,38.6253,-0.5723,48.0,87,73,5.82,broken clouds
483,Lopukhiv,UA,48.3653,23.9638,20.43,93,63,0.18,broken clouds
484,Togul,RU,53.465,85.9128,-0.98,90,100,8.61,overcast clouds
485,Howard Springs,AU,-12.497,131.047,77.0,94,89,3.44,overcast clouds
486,Buchanan,LR,5.8808,-10.0467,82.4,83,75,5.93,light rain
487,Ziro,IN,27.6333,93.8333,42.35,100,96,2.71,overcast clouds
488,Vostok,RU,46.4856,135.8833,-18.98,87,100,3.71,overcast clouds
489,Buloh Kasap,MY,2.5536,102.764,75.2,94,20,2.3,light rain
490,Milevsko,CZ,49.4509,14.36,26.01,99,67,2.66,broken clouds
491,Kavaratti,IN,10.5669,72.642,82.2,76,100,7.9,moderate rain
492,Beaufort,MY,5.3473,115.7455,75.2,100,40,2.98,light rain
493,Iquique,CL,-20.2208,-70.1431,75.2,57,0,17.27,clear sky
494,Mugur-Aksy,RU,50.35,90.5,-6.7,65,90,5.91,overcast clouds
495,Gizo,SB,-8.103,156.8419,83.53,72,82,7.07,broken clouds
496,Marfino,RU,55.7028,37.3822,21.99,86,90,11.18,snow
497,Santa Marta,CO,11.2408,-74.199,88.0,65,75,5.01,light rain
498,Yerbogachen,RU,61.2767,108.0108,-14.21,88,100,4.09,overcast clouds
499,Ambanja,MG,-13.6833,48.45,75.72,88,70,2.51,light rain
500,Sungairaya,ID,0.7,108.9,77.2,90,100,5.03,overcast clouds
501,Amahai,ID,-3.3333,128.9167,82.99,90,84,3.53,light rain
502,Lima,PE,-12.0432,-77.0282,75.2,69,40,11.5,scattered clouds
503,Yertsevo,RU,60.7966,40.086,-9.27,91,56,4.9,broken clouds
504,Easthampton,US,42.2668,-72.669,37.0,51,40,5.75,scattered clouds
505,Ucluelet,CA,48.9329,-125.5528,46.99,53,90,9.22,overcast clouds
506,Coahuayana,MX,18.7333,-103.6833,78.8,57,40,11.5,scattered clouds
507,Ambon,ID,-3.6954,128.1814,82.99,90,90,4.72,overcast clouds
508,Kantang,TH,7.4054,99.5156,73.53,92,16,3.27,few clouds
509,Darhan,MN,49.4867,105.9228,-7.26,83,65,3.87,broken clouds
510,Paita,PE,-5.0892,-81.1144,86.0,62,0,14.97,clear sky
511,Balkhash,KZ,46.844,74.9804,-4.94,91,67,10.02,broken clouds
512,Newport,GB,51.5877,-2.9984,35.01,94,0,3.87,clear sky
513,Aquiraz,BR,-3.9014,-38.3911,86.0,66,40,13.8,scattered clouds
514,Pontianak,ID,-0.0333,109.3333,77.0,94,40,3.44,scattered clouds
515,Svetlyy,RU,54.675,20.1347,28.99,93,90,1.86,overcast clouds
516,Udachnyy,RU,66.4167,112.4,-24.72,84,99,6.06,overcast clouds
517,Shahapur,IN,19.45,73.3333,78.8,83,40,3.44,mist
518,Krasnyy Yar,RU,46.5331,48.3456,39.2,87,90,4.47,mist
519,Flin Flon,CA,54.7682,-101.865,10.4,92,1,3.44,clear sky
520,Lasa,IT,46.6166,10.7002,23.0,62,0,9.22,clear sky
521,Troitskoye,RU,52.9821,84.6757,1.47,90,100,10.11,overcast clouds
522,Sovetskaya Gavan,RU,48.9723,140.2878,-11.07,76,15,9.1,few clouds
523,Mulege,MX,26.8833,-111.9833,74.64,20,0,6.87,clear sky
524,Qaqortoq,GL,60.7167,-46.0333,41.0,38,75,23.02,broken clouds
525,Petropavlovsk-Kamchatskiy,RU,53.0452,158.6483,-2.2,78,40,2.24,scattered clouds
526,Baykit,RU,61.67,96.37,-6.92,87,100,2.62,overcast clouds
527,Mackay,AU,-21.15,149.2,72.0,94,90,14.97,light rain
528,Deputatskiy,RU,69.3,139.9,-20.94,89,100,2.62,overcast clouds
529,Ialibu,PG,-6.2821,143.9935,56.89,97,100,1.03,light rain
530,Rio Gallegos,AR,-51.6226,-69.2181,62.6,34,40,11.5,scattered clouds
531,Ocampo,MX,21.65,-101.5,62.87,41,45,17.0,scattered clouds
532,Romny,UA,50.751,33.4747,29.62,96,83,10.4,broken clouds
533,Isla Vista,US,34.4133,-119.861,71.01,45,1,16.11,clear sky
534,Port Hardy,CA,50.6996,-127.4199,44.6,75,90,29.93,light rain
535,Constantine,DZ,36.365,6.6147,57.2,67,40,6.91,light rain
536,Strezhevoy,RU,60.7333,77.5889,-11.2,77,90,2.24,overcast clouds
537,Pozo Colorado,PY,-23.4923,-58.7972,93.72,47,92,4.59,overcast clouds
538,Neftegorsk,RU,52.802,51.166,26.1,98,100,19.73,snow
539,Fort Nelson,CA,58.8053,-122.7002,6.8,85,20,5.75,few clouds
540,Abu Dhabi,AE,24.4667,54.3667,64.4,39,0,6.91,clear sky
541,Glenwood Springs,US,39.5505,-107.3248,33.01,57,1,4.61,clear sky
542,Formosa Do Rio Preto,BR,-11.0483,-45.1931,87.75,45,86,2.71,moderate rain
543,General Pico,AR,-35.6566,-63.7568,96.46,13,13,12.84,few clouds
544,San Luis,AR,-33.295,-66.3356,84.31,32,16,3.0,few clouds
545,Sri Aman,MY,1.2376,111.4621,77.0,94,100,1.19,moderate rain
546,Chapais,CA,49.7834,-74.8492,15.8,92,90,6.91,light snow
547,Neiafu,TO,-18.65,-173.9833,80.6,83,40,11.5,light rain
548,Marck,FR,50.949,1.9433,36.0,83,8,6.44,clear sky
549,Iwanai,JP,42.9744,140.5089,16.39,92,100,8.79,snow
550,Kahului,US,20.8947,-156.47,75.2,73,40,11.5,light rain
551,Olinda,BR,-8.0089,-34.8553,82.4,61,40,8.05,scattered clouds
552,Geraldton,AU,-28.7667,114.6,73.4,83,76,9.22,broken clouds
553,Awjilah,LY,29.1081,21.2869,66.67,34,0,8.63,clear sky
554,Taunggyi,MM,20.7833,97.0333,54.84,100,55,3.6,broken clouds
555,Balassagyarmat,HU,48.073,19.2961,30.0,92,1,2.33,clear sky
556,Red Wing,US,44.5625,-92.5338,23.0,93,90,3.44,mist
557,Igunga,TZ,-4.2833,33.8833,65.19,83,100,5.12,overcast clouds
558,Quchan,IR,37.106,58.5095,35.28,52,0,2.28,clear sky
559,Grand-Santi,GF,4.25,-54.3833,79.48,93,99,4.47,moderate rain
560,Dongsheng,CN,39.8161,109.9776,3.25,75,45,10.16,scattered clouds
561,Balao,EC,-2.9167,-79.8167,84.2,61,75,5.75,broken clouds
562,Jackson,US,42.4165,-122.8345,39.2,81,20,4.61,few clouds
563,Darnah,LY,32.767,22.6367,69.84,52,0,6.78,clear sky
564,Norilsk,RU,69.3535,88.2027,-25.47,84,8,0.89,clear sky
565,Uglegorsk,RU,49.0833,142.0333,-1.62,91,100,8.05,overcast clouds
566,Otavi,NA,-19.65,17.3333,69.28,84,93,12.59,light rain
567,Richards Bay,ZA,-28.783,32.0377,73.35,78,0,9.86,clear sky
568,Kichera,RU,55.9375,110.0997,-1.19,84,100,0.65,overcast clouds
569,Marshall,US,34.3834,-86.3333,35.01,80,90,6.91,overcast clouds
570,Sinnamary,GF,5.3833,-52.95,79.09,86,99,15.35,overcast clouds
571,Devils Lake,US,48.1128,-98.8651,27.0,93,90,12.66,overcast clouds
572,Kyra,RU,49.5776,111.9753,-4.92,84,100,4.29,overcast clouds
573,Saint Anthony,US,45.0205,-93.218,17.6,86,90,3.42,mist
574,Sur,OM,22.5667,59.5289,64.26,42,0,13.15,clear sky
575,San Cristobal,VE,7.7669,-72.225,82.4,65,40,4.61,scattered clouds
576,Weston,US,26.1004,-80.3998,64.99,52,1,13.8,clear sky
577,Andros Town,BS,24.7,-77.7667,69.8,52,75,16.11,broken clouds
578,Umea,SE,63.8284,20.2597,30.2,80,90,11.5,light snow
579,Port Lincoln,AU,-34.7333,135.8667,68.32,68,21,10.45,few clouds
580,Port-Cartier,CA,50.0334,-66.8654,32.0,64,45,8.05,scattered clouds
581,Beringovskiy,RU,63.05,179.3167,-16.69,87,85,11.56,overcast clouds
582,Fuerte Olimpo,PY,-21.0415,-57.8738,97.02,38,54,7.11,broken clouds
583,Emet,TR,39.343,29.2585,45.59,89,46,7.11,scattered clouds
584,Mizdah,LY,31.4451,12.9801,71.1,25,0,16.42,clear sky
585,Ullal,IN,12.8,74.85,77.0,88,40,3.44,mist
586,Madinat Sittah Uktubar,EG,29.8167,31.05,63.0,88,0,3.44,mist
587,Wabag,PG,-5.4781,143.7021,55.6,91,100,1.12,light rain
588,Melbu,NO,68.5044,14.8297,33.01,57,100,8.01,overcast clouds
589,Makakilo City,US,21.3469,-158.0858,75.2,64,1,3.44,clear sky
590,Ramshir,IR,30.8946,49.4092,57.2,72,0,3.71,clear sky
591,Xiuyan,CN,40.2928,123.2744,8.06,83,100,2.26,overcast clouds
592,Williams Lake,CA,52.1415,-122.1445,30.0,93,75,12.66,broken clouds
593,Benalla,AU,-36.55,145.9833,64.0,82,8,4.99,clear sky
594,Grand Baie,MU,-20.0182,57.5802,79.0,84,2,3.0,clear sky
595,Esna,EG,25.2934,32.554,64.4,48,0,4.61,clear sky
596,Luau,AO,-10.7073,22.2247,65.35,97,99,4.25,overcast clouds
597,Santa Cruz De La Palma,ES,28.6835,-17.7642,60.8,59,20,11.5,few clouds
598,Morant Bay,JM,17.8815,-76.4093,84.2,70,20,19.57,few clouds
599,Finschhafen,PG,-6.6024,147.8681,81.03,77,83,10.51,broken clouds
600,Ambulu,ID,-8.345,113.6058,76.71,89,100,3.65,overcast clouds
601,Half Moon Bay,US,37.4636,-122.4286,59.0,47,1,12.66,clear sky
602,Kyabe,TD,9.4515,18.9449,79.38,18,84,3.29,broken clouds
603,Bandar-E Lengeh,IR,26.5579,54.8807,58.78,38,0,4.12,clear sky
604,Qrendi,MT,35.8347,14.4583,71.6,56,0,16.11,clear sky
605,Santiago Del Estero,AR,-27.7951,-64.2615,91.4,44,54,6.69,broken clouds
606,Jiazi,CN,22.8779,116.067,49.46,50,91,15.57,overcast clouds
607,New Richmond,US,45.123,-92.5366,17.6,93,90,4.47,mist
608,Wencheng,CN,33.0559,113.7978,28.63,71,100,4.0,overcast clouds
609,Pevek,RU,69.7008,170.3133,-23.12,88,34,2.59,scattered clouds
610,Severo-Kurilsk,RU,50.6789,156.125,20.71,87,91,11.12,overcast clouds
611,Plotnikovo,RU,55.0247,85.9436,-4.0,77,90,15.66,snow
612,Coruripe,BR,-10.1256,-36.1756,81.37,68,8,17.13,clear sky
613,Huilong,CN,31.8111,121.655,32.0,62,43,7.87,scattered clouds
614,Porto Novo,BJ,6.4965,2.6036,82.4,89,20,11.5,few clouds
615,Cairns,AU,-16.9167,145.7667,77.0,88,97,5.75,moderate rain
616,Sirjan,IR,29.452,55.6814,35.19,66,72,4.68,broken clouds
617,Rumphi,MW,-11.0186,33.8575,64.51,88,99,2.15,overcast clouds
618,Russell,US,32.3502,-85.1999,41.0,65,90,12.66,overcast clouds
619,Hamilton,US,39.1834,-84.5333,36.0,64,75,3.76,broken clouds
620,Rodrigues Alves,BR,-7.738,-72.6509,89.6,66,40,4.61,moderate rain
621,Yalta,UA,44.5,34.1667,44.67,75,100,1.54,overcast clouds
622,Altay,CN,47.8667,88.1167,-6.14,76,19,3.15,few clouds
623,Novorzhev,RU,57.0294,29.3338,11.91,95,100,4.32,overcast clouds
624,Abilene,US,32.4487,-99.7331,48.99,61,75,8.05,broken clouds
625,Jardim,BR,-21.4803,-56.1381,94.44,41,2,5.39,clear sky
626,Tigzirt,DZ,36.8886,4.1198,55.22,80,94,13.49,light rain
627,Yumen,CN,40.2833,97.2,10.56,75,13,29.19,few clouds
628,Kirakira,SB,-10.4544,161.9205,81.18,77,99,3.58,light rain
629,Novikovo,RU,51.1537,37.8879,28.15,96,98,10.56,overcast clouds
630,Beyneu,KZ,45.3167,55.2,29.91,86,0,12.12,clear sky
631,Teya,RU,60.3778,92.6267,-11.63,86,100,5.82,light snow
632,Thinadhoo,MV,0.5333,72.9333,81.27,73,100,10.38,overcast clouds
633,Vanavara,RU,60.34,102.2797,-7.42,90,100,6.46,overcast clouds
634,Moose Factory,CA,51.2585,-80.6094,28.4,86,90,11.5,overcast clouds
635,Poum,NC,-20.2333,164.0167,81.99,81,100,8.97,light rain
636,Saint George,US,37.1041,-113.5841,53.01,32,1,9.22,clear sky
637,Brae,GB,60.3964,-1.353,39.2,60,75,20.71,broken clouds
638,Marawi,PH,7.9986,124.2928,73.99,93,97,5.01,overcast clouds
639,Cristinesti,RO,48.1,26.3833,28.99,81,26,1.52,scattered clouds
640,Hlotse,LS,-28.8718,28.045,66.09,65,0,2.53,clear sky
641,Atherton,GB,53.5237,-2.4935,35.01,82,99,1.01,overcast clouds
642,Faya,SA,18.3851,42.4509,55.4,87,0,2.68,clear sky
643,Iqaluit,CA,63.7506,-68.5145,10.4,79,90,9.22,light snow
644,Mnogovershinnyy,RU,53.9353,139.9242,-22.07,88,93,3.71,overcast clouds
645,Lae,PG,-6.7221,146.9847,76.64,83,100,7.87,light rain
646,Naifaru,MV,5.4444,73.3657,81.99,71,94,5.03,overcast clouds
647,Albania,AL,41.0,20.0,48.2,93,75,1.14,light rain
648,Ornskoldsvik,SE,63.2909,18.7153,28.4,100,90,12.66,light snow
649,Brazzaville,CG,-4.2658,15.2832,80.6,74,100,3.36,moderate rain
650,Ekibastuz,KZ,51.6667,75.3667,7.66,85,100,19.64,overcast clouds
651,Ayolas,PY,-27.4,-56.9,93.43,41,1,6.8,light rain
652,Bom Jesus,BR,-9.0744,-44.3586,88.66,49,100,2.84,moderate rain
653,Playas,EC,-2.6333,-80.3833,78.33,74,19,16.24,few clouds
654,Kovdor,RU,67.5662,30.4758,-3.75,92,56,3.09,broken clouds
655,Weihai,CN,37.5017,122.1136,26.06,90,95,18.5,overcast clouds
656,Shizunai,JP,42.3339,142.3669,19.17,87,100,11.81,overcast clouds
657,Vitim,RU,59.4511,112.5578,-8.09,88,100,8.03,overcast clouds
658,Manglisi,GE,41.697,44.3845,39.2,52,0,9.22,clear sky
659,Pacific Grove,US,36.6177,-121.9166,57.99,71,1,3.44,clear sky
660,Male,MV,4.1748,73.5089,82.4,78,75,3.44,broken clouds
661,Andra,RU,62.5147,65.8878,-12.64,90,95,4.07,overcast clouds
662,Dudinka,RU,69.4058,86.1778,-23.55,85,21,9.82,few clouds
663,Fangshan,CN,39.6983,115.9925,25.0,33,0,8.95,clear sky
664,Turkistan,KZ,43.0,68.0,20.59,80,0,7.05,clear sky
665,Chapleau,CA,47.8405,-83.4034,19.4,93,90,2.3,mist
666,Port Hope,US,43.9408,-82.7127,33.8,80,95,8.05,overcast clouds
667,Okhotsk,RU,59.3833,143.3,-13.65,84,100,9.55,overcast clouds
668,Araouane,ML,18.9048,-3.5265,77.7,16,0,5.21,clear sky
669,Morgan City,US,29.6994,-91.2068,52.0,49,1,6.91,clear sky
670,La Palma,US,33.8464,-118.0467,71.01,45,20,4.61,few clouds
671,Otofuke,JP,42.9917,143.2003,11.14,86,0,7.58,clear sky
672,Balabac,PH,7.9868,117.0645,81.73,79,100,20.69,overcast clouds
673,Kuvshinovo,RU,57.0295,34.1725,7.3,95,100,5.75,overcast clouds
674,Izhevskoye,RU,54.5567,40.8703,26.98,99,100,3.76,light snow
675,Belmonte,BR,-15.8631,-38.8828,86.0,79,75,8.05,broken clouds
676,Pipri,IN,19.8,75.5333,73.15,53,23,5.64,few clouds
677,Krasnorechenskiy,RU,44.6265,135.3532,-16.29,83,80,8.28,broken clouds
678,Melfort,CA,52.8667,-104.6177,19.4,79,0,11.5,clear sky
679,Camabatela,AO,-8.1881,15.375,60.26,95,17,2.44,few clouds
680,Atikokan,CA,48.7555,-91.6216,23.83,98,100,4.21,overcast clouds
681,Araguaina,BR,-7.1911,-48.2072,83.97,74,99,1.5,moderate rain
682,Nago,JP,26.5881,127.9761,55.4,76,40,13.8,scattered clouds
683,Yeppoon,AU,-23.1333,150.7333,71.6,78,90,8.05,overcast clouds
684,Berdigestyakh,RU,62.0989,126.6992,-33.52,82,100,3.71,overcast clouds
685,Surovikino,RU,48.6078,42.8486,36.19,94,100,10.96,overcast clouds
686,Mumbwa,ZM,-14.9783,27.0619,67.77,92,100,3.76,overcast clouds
687,Tigil,RU,57.8,158.6667,-2.99,91,100,1.52,overcast clouds
688,Cam Ranh,VN,11.9214,109.1591,73.4,78,40,17.27,light rain
689,Netanya,IL,32.3329,34.8599,62.01,72,0,1.14,clear sky
690,Bahia Blanca,AR,-38.7196,-62.2724,90.28,15,4,16.31,clear sky
691,Lasem,ID,-6.6922,111.4527,76.5,88,100,6.55,overcast clouds
692,Lamar,US,33.6668,-95.5836,45.0,52,1,3.44,clear sky
693,Sibolga,ID,1.7427,98.7792,75.27,86,100,1.79,moderate rain
694,Sydney,AU,-33.8679,151.2073,66.0,82,20,6.91,few clouds
695,Birnin Kebbi,NG,12.4539,4.1975,81.39,15,75,9.04,broken clouds
696,Zunyi,CN,27.6867,106.9072,33.84,84,94,2.21,overcast clouds
697,Vao,NC,-22.6667,167.4833,78.3,88,100,15.9,light rain
698,Abu Kamal,SY,34.4506,40.9171,49.93,42,68,3.78,broken clouds
699,Cabatuan,PH,10.8794,122.486,74.32,92,99,16.84,light rain
700,Borsa,RO,47.6553,24.6633,24.55,93,79,0.49,broken clouds
701,Xacmaz,AZ,41.4635,48.806,45.7,57,0,3.6,clear sky
702,Itarema,BR,-2.9248,-39.9167,83.17,66,9,15.84,clear sky
